{
  "0": {
    "0": 1.349950177000852e-5,
    "1": 6.851890921692551e-6,
    "2": 1.3669270394494824e-5,
    "3": 2.3617335455698298e-6,
    "4": 0.9999636176033684
  },
  "1": {
    "0": 9.711583234256942e-7,
    "1": 4.6589258429931773e-7,
    "2": 6.22861401051153e-7,
    "3": 0.9999973499603126,
    "4": 5.90127378573469e-7
  },
  "2": {
    "0": 3.168855830942706e-5,
    "1": 1.2947504505407677e-5,
    "2": 0.9999438917735319,
    "3": 2.7609082193883997e-6,
    "4": 8.711255433823914e-6
  },
  "3": {
    "0": 6.518650781489775e-7,
    "1": 0.9999983034918359,
    "2": 5.401147539019306e-7,
    "3": 2.2146149676791954e-7,
    "4": 2.830668352002743e-7
  },
  "4": {
    "0": 2.1171874054614284e-5,
    "1": 0.9999460099246084,
    "2": 1.631512701889218e-5,
    "3": 4.818985637835677e-6,
    "4": 1.1684088680350939e-5
  },
  "5": {
    "0": 0.9998535822435297,
    "1": 4.451564642365674e-5,
    "2": 5.495086257240509e-5,
    "3": 1.2210472065680095e-5,
    "4": 3.4740775408458657e-5
  },
  "6": {
    "0": 0.9999999958223387,
    "1": 8.908840274874835e-10,
    "2": 1.7768711311659631e-9,
    "3": 3.0708270756145725e-10,
    "4": 1.2028233477780965e-9
  },
  "7": {
    "0": 0.9999999958223387,
    "1": 8.908840274874835e-10,
    "2": 1.7768711311659631e-9,
    "3": 3.0708270756145725e-10,
    "4": 1.2028233477780965e-9
  },
  "8": {
    "0": 0.9999718484981753,
    "1": 8.734701262652615e-6,
    "2": 1.1677428493490212e-5,
    "3": 1.8626495759410349e-6,
    "4": 5.876722492563231e-6
  },
  "9": {
    "0": 1.6762313436480017e-5,
    "1": 1.022084992187716e-5,
    "2": 1.291722299117481e-5,
    "3": 3.815866089187678e-6,
    "4": 0.9999562837475612
  },
  "10": {
    "0": 5.124198487193579e-7,
    "1": 3.6671192808518334e-7,
    "2": 3.3405443963276465e-7,
    "3": 0.9999984804236212,
    "4": 3.0639016237276224e-7
  },
  "11": {
    "0": 7.075640551978529e-7,
    "1": 2.892641074340956e-7,
    "2": 5.412195885012809e-7,
    "3": 8.496579278947693e-8,
    "4": 0.9999983769864561
  },
  "12": {
    "0": 7.782714017243963e-7,
    "1": 3.6736844283016053e-7,
    "2": 0.9999980866209818,
    "3": 1.371735858211688e-7,
    "4": 6.305655880056811e-7
  },
  "13": {
    "0": 5.257408215172534e-5,
    "1": 4.469128880238177e-5,
    "2": 4.338425014480531e-5,
    "3": 0.9998365402668021,
    "4": 2.2810112099031755e-5
  },
  "14": {
    "0": 8.990375990324538e-7,
    "1": 5.143912285841407e-7,
    "2": 7.330180403083406e-7,
    "3": 1.6106512528545113e-7,
    "4": 0.9999976924880067
  },
  "15": {
    "0": 5.257408215172534e-5,
    "1": 4.469128880238177e-5,
    "2": 4.338425014480531e-5,
    "3": 0.9998365402668021,
    "4": 2.2810112099031755e-5
  },
  "16": {
    "0": 0.00010093090707082282,
    "1": 4.776382922553285e-5,
    "2": 9.657488371955141e-5,
    "3": 0.9996726695227908,
    "4": 8.206085719321376e-5
  },
  "17": {
    "0": 3.168855830942706e-5,
    "1": 1.2947504505407677e-5,
    "2": 0.9999438917735319,
    "3": 2.7609082193883997e-6,
    "4": 8.711255433823914e-6
  },
  "18": {
    "0": 7.782714017243963e-7,
    "1": 3.6736844283016053e-7,
    "2": 0.9999980866209818,
    "3": 1.371735858211688e-7,
    "4": 6.305655880056811e-7
  },
  "19": {
    "0": 4.9505592699945324e-5,
    "1": 2.752341728017368e-5,
    "2": 3.9878455161303335e-5,
    "3": 1.220830544042929e-5,
    "4": 0.9998708842294182
  },
  "20": {
    "0": 0.00010006072629176348,
    "1": 0.9998009766395111,
    "2": 5.528624481641284e-5,
    "3": 1.651100521162687e-5,
    "4": 2.716538416924227e-5
  },
  "21": {
    "0": 4.9505592699945324e-5,
    "1": 2.752341728017368e-5,
    "2": 3.9878455161303335e-5,
    "3": 1.220830544042929e-5,
    "4": 0.9998708842294182
  },
  "22": {
    "0": 0.0001747459136520851,
    "1": 6.656356024858943e-5,
    "2": 0.00011326801733180567,
    "3": 0.9995565913343424,
    "4": 8.883117442512677e-5
  },
  "23": {
    "0": 0.9998139660141118,
    "1": 4.11069990199471e-5,
    "2": 7.666514336363705e-5,
    "3": 1.2063818707814182e-5,
    "4": 5.619802479697425e-5
  },
  "24": {
    "0": 8.513406931948269e-5,
    "1": 0.9997817864015963,
    "2": 5.522615496950985e-5,
    "3": 2.699015340974244e-5,
    "4": 5.0863220704976034e-5
  },
  "25": {
    "0": 7.386731838087649e-5,
    "1": 3.498214503917153e-5,
    "2": 5.949348224116995e-5,
    "3": 1.2203513436903363e-5,
    "4": 0.999819453540902
  },
  "26": {
    "0": 0.0001758107475988541,
    "1": 6.695806054344842e-5,
    "2": 0.9997002451529733,
    "3": 1.3006778076454793e-5,
    "4": 4.3979260807765284e-5
  },
  "27": {
    "0": 0.9997756029429662,
    "1": 6.199886156718942e-5,
    "2": 8.191934542928881e-5,
    "3": 2.505705134680449e-5,
    "4": 5.542179869053397e-5
  },
  "28": {
    "0": 5.124198487193579e-7,
    "1": 3.6671192808518334e-7,
    "2": 3.3405443963276465e-7,
    "3": 0.9999984804236212,
    "4": 3.0639016237276224e-7
  },
  "29": {
    "0": 6.511682737907945e-7,
    "1": 4.036466188466311e-7,
    "2": 5.309115902077255e-7,
    "3": 0.9999980548505875,
    "4": 3.5942292957172697e-7
  },
  "30": {
    "0": 6.219409971811673e-5,
    "1": 2.7517978645015203e-5,
    "2": 4.736752934981966e-5,
    "3": 1.0399916951196613e-5,
    "4": 0.9998525204753359
  },
  "31": {
    "0": 0.9998819713251687,
    "1": 3.843957299904444e-5,
    "2": 4.686830570451385e-5,
    "3": 7.470095547362141e-6,
    "4": 2.5250700580505278e-5
  },
  "32": {
    "0": 0.9999999958223387,
    "1": 8.908840274874835e-10,
    "2": 1.7768711311659631e-9,
    "3": 3.0708270756145725e-10,
    "4": 1.2028233477780965e-9
  },
  "33": {
    "0": 8.562107657843802e-5,
    "1": 3.26610498497913e-5,
    "2": 5.55414551822855e-5,
    "3": 8.743530640327925e-6,
    "4": 0.9998174328877492
  },
  "34": {
    "0": 0.999839023124737,
    "1": 6.13686264425135e-5,
    "2": 5.564823681229212e-5,
    "3": 1.6619810664843947e-5,
    "4": 2.734020134319964e-5
  },
  "35": {
    "0": 7.782714017243963e-7,
    "1": 3.6736844283016053e-7,
    "2": 0.9999980866209818,
    "3": 1.371735858211688e-7,
    "4": 6.305655880056811e-7
  },
  "36": {
    "0": 0.9999718484981753,
    "1": 8.734701262652615e-6,
    "2": 1.1677428493490212e-5,
    "3": 1.8626495759410349e-6,
    "4": 5.876722492563231e-6
  },
  "37": {
    "0": 1.4507657750012436e-6,
    "1": 0.9999974001257902,
    "2": 6.755981090225166e-7,
    "3": 1.0779676342019167e-7,
    "4": 3.6571356224520054e-7
  },
  "38": {
    "0": 0.00010028311450287966,
    "1": 5.708059394158395e-5,
    "2": 0.9997807022767831,
    "3": 1.792557986717696e-5,
    "4": 4.400843490548725e-5
  },
  "39": {
    "0": 0.0001001490611686801,
    "1": 6.175796242527877e-5,
    "2": 0.9997579205875307,
    "3": 2.496043579524302e-5,
    "4": 5.5211953080182094e-5
  },
  "40": {
    "0": 0.00011920623264211591,
    "1": 4.8645061899042735e-5,
    "2": 0.9997690880013924,
    "3": 1.2017494964265548e-5,
    "4": 5.104320910219547e-5
  },
  "41": {
    "0": 0.9998139660141118,
    "1": 4.11069990199471e-5,
    "2": 7.666514336363705e-5,
    "3": 1.2063818707814182e-5,
    "4": 5.619802479697425e-5
  },
  "42": {
    "0": 0.9998303254251432,
    "1": 4.50204584515481e-5,
    "2": 5.489605165601272e-5,
    "3": 1.4314862038209013e-5,
    "4": 5.5443202710996966e-5
  },
  "43": {
    "0": 0.9999718484981753,
    "1": 8.734701262652615e-6,
    "2": 1.1677428493490212e-5,
    "3": 1.8626495759410349e-6,
    "4": 5.876722492563231e-6
  },
  "44": {
    "0": 0.9998348597771193,
    "1": 3.838506724406003e-5,
    "2": 6.526788959321082e-5,
    "3": 1.0272637476590406e-5,
    "4": 5.121462856690084e-5
  },
  "45": {
    "0": 0.0001747459136520851,
    "1": 6.656356024858943e-5,
    "2": 0.00011326801733180567,
    "3": 0.9995565913343424,
    "4": 8.883117442512677e-5
  },
  "46": {
    "0": 1.7126012348065385e-5,
    "1": 8.688793958837339e-6,
    "2": 0.9999594585644699,
    "3": 2.994636524760011e-6,
    "4": 1.1731992698540537e-5
  },
  "47": {
    "0": 1.6620331425654357e-5,
    "1": 1.0133715071216133e-5,