{
  "0": { "0": 3.947055632888961e-121, "1": 1.0 },
  "1": { "0": 2.70492564002602e-75, "1": 1.0 },
  "2": { "0": 4.133100617502574e-137, "1": 1.0 },
  "3": { "0": 2.187807928917056e-30, "1": 1.0 },
  "4": { "0": 4.426007290445439e-83, "1": 1.0 },
  "5": { "0": 1.6257887429261473e-137, "1": 1.0 },
  "6": { "0": 5.1267343388439694e-102, "1": 1.0 },
  "7": { "0": 1.0477183283922948e-138, "1": 1.0 },
  "8": { "0": 4.9725272973111194e-120, "1": 1.0 },
  "9": { "0": 3.4723856732257453e-23, "1": 1.0 },
  "10": { "0": 5.266746576996597e-118, "1": 1.0 },
  "11": { "0": 8.859647181592329e-119, "1": 1.0 },
  "12": { "0": 1.3527766208796621e-121, "1": 1.0 },
  "13": { "0": 5.762092495122003e-101, "1": 1.0 },
  "14": { "0": 2.757039406798266e-19, "1": 1.0 },
  "15": { "0": 9.318144884482493e-89, "1": 1.0 },
  "16": { "0": 1.128971541960416e-37, "1": 1.0 },
  "17": { "0": 6.756296330417626e-34, "1": 1.0 },
  "18": { "0": 5.059698411898751e-139, "1": 1.0 },
  "19": { "0": 2.7874514063698003e-106, "1": 1.0 },
  "20": { "0": 5.436917589321668e-88, "1": 1.0 },
  "21": { "0": 7.212817605152144e-75, "1": 1.0 },
  "22": { "0": 2.1525095462450648e-133, "1": 1.0 },
  "23": { "0": 1.998185474836526e-132, "1": 1.0 },
  "24": { "0": 4.10933865217802e-93, "1": 1.0 },
  "25": { "0": 3.5090691570521186e-72, "1": 1.0 },
  "26": { "0": 6.908535346738402e-88, "1": 1.0 },
  "27": { "0": 2.6650573779473034e-53, "1": 1.0 },
  "28": { "0": 3.1424229694409325e-40, "1": 1.0 },
  "29": { "0": 6.228082664559455e-62, "1": 1.0 },
  "30": { "0": 3.755492468166647e-94, "1": 1.0 },
  "31": { "0": 3.0765856413521285e-66, "1": 1.0 },
  "32": { "0": 1.220084069698978e-47, "1": 1.0 },
  "33": { "0": 3.8450381957879943e-122, "1": 1.0 },
  "34": { "0": 4.6362418909511913e-54, "1": 1.0 },
  "35": { "0": 1.9294713111620538e-16, "1": 0.9999999999999999 },
  "36": { "0": 1.0144096734595355e-98, "1": 1.0 },
  "37": { "0": 1.509899709735941e-46, "1": 1.0 },
  "38": { "0": 2.0142064767650244e-14, "1": 0.9999999999999799 },
  "39": { "0": 3.539069511097194e-67, "1": 1.0 },
  "40": { "0": 2.8317666783560514e-134, "1": 1.0 },
  "41": { "0": 9.715739106689433e-142, "1": 1.0 },
  "42": { "0": 1.0, "1": 5.318517719081331e-32 },
  "43": { "0": 1.9184232851561074e-114, "1": 1.0 },
  "44": { "0": 7.739946143423953e-86, "1": 1.0 },
  "45": { "0": 6.0663571252800654e-46, "1": 1.0 },
  "46": { "0": 1.28439594014756e-90, "1": 1.0 },
  "47": { "0": 2.1700013702308456e-120, "1": 1.0 },
  "48": { "0": 6.658179217712185e-40, "1": 1.0 },
  "49": { "0": 8.570388986800456e-33, "1": 1.0 },
  "50": { "0": 0.4148611677372173, "1": 0.5851388322627827 },
  "51": { "0": 1.0, "1": 3.643963449129436e-45 },
  "52": { "0": 1.0, "1": 2.460209093980227e-26 },
  "53": { "0": 0.4277770411533273, "1": 0.5722229588466726 },
  "54": { "0": 0.38504422421898543, "1": 0.6149557757810146 },
  "55": { "0": 3.0701717957415607e-26, "1": 1.0 },
  "56": { "0": 0.07771398562653023, "1": 0.9222860143734698 },
  "57": { "0": 0.9999999999980373, "1": 1.962634524663659e-12 },
  "58": { "0": 1.8348314291457825e-119, "1": 1.0 },
  "59": { "0": 1.0, "1": 8.449376318613831e-20 },
  "60": { "0": 1.0, "1": 8.879390123370491e-64 },
  "61": { "0": 1.0, "1": 6.967971153869927e-71 },
  "62": { "0": 1.0, "1": 3.019470707379231e-57 },
  "63": { "0": 1.0, "1": 3.019470707379231e-57 },
  "64": { "0": 1.0, "1": 3.2124589366522735e-71 },
  "65": { "0": 0.9962901580833646, "1": 0.0037098419166354283 },
  "66": { "0": 1.0, "1": 1.0919520215571368e-28 },
  "67": { "0": 1.0, "1": 6.641322652224806e-33 },
  "68": { "0": 1.2035842827802342e-58, "1": 1.0 },
  "69": { "0": 1.0, "1": 8.147663093431153e-35 },
  "70": { "0": 1.0, "1": 2.453714414952505e-36 },
  "71": { "0": 0.9999995704224584, "1": 4.295775415432832e-7 },
  "72": { "0": 0.9999999999999472, "1": 5.2949316618907766e-14 },
  "73": { "0": 1.0, "1": 1.1453447947888838e-18 },
  "74": { "0": 1.0, "1": 7.187465487905474e-40 },
  "75": { "0": 0.9978533171652977, "1": 0.002146682834702356 },
  "76": { "0": 0.9999999989683459, "1": 1.0316540354227798e-9 },
  "77": { "0": 0.9999999999999973, "1": 2.734069652250847e-15 },
  "78": { "0": 1.0, "1": 4.5783257067526503e-35 },
  "79": { "0": 1.0, "1": 6.919538971592906e-33 },
  "80": { "0": 0.9999999943426036, "1": 5.657396505423092e-9 },
  "81": { "0": 1.1050661343040032e-25, "1": 1.0 },
  "82": { "0": 0.08772926237335393, "1": 0.912270737626646 },
  "83": { "0": 1.0, "1": 7.049470210782963e-31 },
  "84": { "0": 1.0, "1": 5.84678382390951e-42 },
  "85": { "0": 1.0, "1": 5.2156364028170016e-20 },
  "86": { "0": 0.9999999999999991, "1": 9.759371276295842e-16 },
  "87": { "0": 1.0, "1": 2.644298539297007e-21 },
  "88": { "0": 1.0, "1": 4.850204007525588e-21 },
  "89": { "0": 0.4484957367874423, "1": 0.5515042632125576 },
  "90": { "0": 7.12816483005346e-10, "1": 0.9999999992871835 },
  "91": { "0": 1.0, "1": 3.85295103700839e-17 },
  "92": { "0": 1.0, "1": 5.208142678106904e-34 },
  "93": { "0": 0.9999999995444332, "1": 4.555668043961717e-10 },
  "94": { "0": 0.9999999999999998, "1": 1.1784945889336475e-16 },
  "95": { "0": 1.0, "1": 5.558764558990958e-29 },
  "96": { "0": 1.0, "1": 1.0785902238030176e-18 },
  "97": { "0": 0.9977207327076775, "1": 0.00227926729232259 },
  "98": { "0": 3.141254764637389e-77, "1": 1.0 },
  "99": { "0": 1.0, "1": 3.8374483184029496e-18 },
  "100": { "0": 0.38536182326425045, "1": 0.6146381767357496 },
  "101": { "0": 0.008646878242791077, "1": 0.9913531217572089 },
  "102": { "0": 1.0, "1": 1.5503632547750406e-26 },
  "103": { "0": 2.0056384456046794e-23, "1": 1.0 },
  "104": { "0": 0.9999999999998548, "1": 1.4520510793707148e-13 },
  "105": { "0": 1.0, "1": 1.2791589373901216e-24 },
  "106": { "0": 1.0, "1": 2.2074257064831033e-45 },
  "107": { "0": 1.0, "1": 8.134831038339506e-37 }
}
